set optimizer_switch='cost_based_order_by_limit=on';
CREATE TABLE t0 (a int);
INSERT INTO t0 SELECT seq-1 from seq_1_to_10;
CREATE TABLE t1 (a int, b int);
INSERT INTO t1 SELECT a, a from t0 where a <5;
CREATE TABLE t2 (a int, b int, key(a));
INSERT INTO t2 SELECT a, a from t0;
CREATE TABLE t3(a int, b int, c int, key(a));
INSERT INTO t3  SELECT seq-1, seq-1, seq-1 from seq_1_to_100;
ANALYZE TABLE t1 PERSISTENT FOR ALL;
ANALYZE TABLE t2 PERSISTENT FOR ALL;
ANALYZE TABLE t3 PERSISTENT FOR ALL;
#
# sort nest on (t2,t1)
# ref(sort-nest.b) access on table t3
#
EXPLAIN SELECT t1.a, t2.b, t1.b, t3.a
FROM t1,t2,t3
WHERE t1.a=t2.a AND t2.b=t3.a
ORDER BY t2.b DESC, t1.b DESC
LIMIT 5;
id	select_type	table	type	possible_keys	key	key_len	ref	rows	Extra
1	SIMPLE	t1	ALL	NULL	NULL	NULL	NULL	5	Using where
1	SIMPLE	t2	ref	a	a	5	test.t1.a	1	
1	SIMPLE	<sort-nest>	ALL	NULL	NULL	NULL	NULL	5	Using filesort
1	SIMPLE	t3	ref	a	a	5	sort-nest.b	1	Using index
EXPLAIN FORMAT=JSON SELECT t1.a, t2.b, t1.b, t3.a
FROM t1,t2,t3
WHERE t1.a=t2.a AND t2.b=t3.a
ORDER BY t2.b DESC, t1.b DESC
LIMIT 5;
EXPLAIN
{
  "query_block": {
    "select_id": 1,
    "table": {
      "table_name": "t1",
      "access_type": "ALL",
      "rows": 5,
      "filtered": 100,
      "attached_condition": "t1.a is not null"
    },
    "table": {
      "table_name": "t2",
      "access_type": "ref",
      "possible_keys": ["a"],
      "key": "a",
      "key_length": "5",
      "used_key_parts": ["a"],
      "ref": ["test.t1.a"],
      "rows": 1,
      "filtered": 100
    },
    "read_sorted_file": {
      "filesort": {
        "sort_key": "`sort-nest`.b desc, `sort-nest`.b desc",
        "table": {
          "table_name": "<sort-nest>",
          "access_type": "ALL",
          "rows": 5,
          "filtered": 100
        }
      }
    },
    "table": {
      "table_name": "t3",
      "access_type": "ref",
      "possible_keys": ["a"],
      "key": "a",
      "key_length": "5",
      "used_key_parts": ["a"],
      "ref": ["sort-nest.b"],
      "rows": 1,
      "filtered": 100,
      "using_index": true
    }
  }
}
SELECT t1.a, t2.b, t1.b, t3.a
FROM t1,t2,t3
WHERE t1.a=t2.a AND t2.b=t3.a
ORDER BY t2.b DESC, t1.b DESC
LIMIT 5;
a	b	b	a
4	4	4	4
3	3	3	3
2	2	2	2
1	1	1	1
0	0	0	0
DROP TABLE t0,t1,t2,t3;
CREATE TABLE t1(a int, b int, key(a));
INSERT INTO t1 SELECT seq-1, seq-1 from seq_1_to_100 where seq > 30;
CREATE TABLE t2(a int, b int);
INSERT INTO t2(a,b) VALUES (1,1), (2,2);
INSERT INTO t2   SELECT seq-1, seq-1 from seq_1_to_100;
CREATE TABLE t3(a int, b int, key(a));
INSERT INTO t3 SELECT seq-1, seq-1 from seq_1_to_1000;
ANALYZE TABLE t1 PERSISTENT FOR ALL;
ANALYZE TABLE t2 PERSISTENT FOR ALL;
ANALYZE TABLE t3 PERSISTENT FOR ALL;
CREATE FUNCTION f1(a int) RETURNS INT
BEGIN
DECLARE b INT DEFAULT 0;
RETURN a + b;
END|
Covering 3 table joins

# sorting on table t2

EXPLAIN SELECT * FROM t1,t2,t3
WHERE t1.a=t2.a AND t1.b = t3.a
ORDER BY t2.b
LIMIT 5;
id	select_type	table	type	possible_keys	key	key_len	ref	rows	Extra
1	SIMPLE	t2	ALL	NULL	NULL	NULL	NULL	102	Using where; Using filesort
1	SIMPLE	t1	ref	a	a	5	test.t2.a	1	Using where
1	SIMPLE	t3	ref	a	a	5	test.t1.b	1	
EXPLAIN FORMAT=JSON SELECT * FROM t1,t2,t3
WHERE t1.a=t2.a AND t1.b = t3.a
ORDER BY t2.b
LIMIT 5;
EXPLAIN
{
  "query_block": {
    "select_id": 1,
    "read_sorted_file": {
      "filesort": {
        "sort_key": "t2.b",
        "table": {
          "table_name": "t2",
          "access_type": "ALL",
          "rows": 102,
          "filtered": 100,
          "attached_condition": "t2.a is not null"
        }
      }
    },
    "table": {
      "table_name": "t1",
      "access_type": "ref",
      "possible_keys": ["a"],
      "key": "a",
      "key_length": "5",
      "used_key_parts": ["a"],
      "ref": ["test.t2.a"],
      "rows": 1,
      "filtered": 100,
      "attached_condition": "t1.b is not null"
    },
    "table": {
      "table_name": "t3",
      "access_type": "ref",
      "possible_keys": ["a"],
      "key": "a",
      "key_length": "5",
      "used_key_parts": ["a"],
      "ref": ["test.t1.b"],
      "rows": 1,
      "filtered": 100
    }
  }
}
SELECT * FROM t1,t2,t3
WHERE t1.a=t2.a AND t1.b = t3.a
ORDER BY t2.b
LIMIT 5;
a	b	a	b	a	b
30	30	30	30	30	30
31	31	31	31	31	31
32	32	32	32	32	32
33	33	33	33	33	33
34	34	34	34	34	34

# {t2,t1} part of the nest
# t3.a= sort-nest.b would be attached to table t3

EXPLAIN SELECT * FROM t1,t2,t3
WHERE t1.a=t2.a AND t1.b = t3.a
ORDER BY t2.b, t1.b
LIMIT 5;
id	select_type	table	type	possible_keys	key	key_len	ref	rows	Extra
1	SIMPLE	t2	ALL	NULL	NULL	NULL	NULL	102	Using where
1	SIMPLE	t1	ref	a	a	5	test.t2.a	1	
1	SIMPLE	<sort-nest>	ALL	NULL	NULL	NULL	NULL	5	Using filesort
1	SIMPLE	t3	ref	a	a	5	sort-nest.b	1	
EXPLAIN FORMAT=JSON SELECT * FROM t1,t2,t3
WHERE t1.a=t2.a AND t1.b = t3.a
ORDER BY t2.b, t1.b
LIMIT 5;
EXPLAIN
{
  "query_block": {
    "select_id": 1,
    "table": {
      "table_name": "t2",
      "access_type": "ALL",
      "rows": 102,
      "filtered": 100,
      "attached_condition": "t2.a is not null"
    },
    "table": {
      "table_name": "t1",
      "access_type": "ref",
      "possible_keys": ["a"],
      "key": "a",
      "key_length": "5",
      "used_key_parts": ["a"],
      "ref": ["test.t2.a"],
      "rows": 1,
      "filtered": 100
    },
    "read_sorted_file": {
      "filesort": {
        "sort_key": "`sort-nest`.b, `sort-nest`.b",
        "table": {
          "table_name": "<sort-nest>",
          "access_type": "ALL",
          "rows": 5,
          "filtered": 100
        }
      }
    },
    "table": {
      "table_name": "t3",
      "access_type": "ref",
      "possible_keys": ["a"],
      "key": "a",
      "key_length": "5",
      "used_key_parts": ["a"],
      "ref": ["sort-nest.b"],
      "rows": 1,
      "filtered": 100
    }
  }
}
SELECT * FROM t1,t2,t3
WHERE t1.a=t2.a AND t1.b = t3.a
ORDER BY t2.b, t1.b
LIMIT 5;
a	b	a	b	a	b
30	30	30	30	30	30
31	31	31	31	31	31
32	32	32	32	32	32
33	33	33	33	33	33
34	34	34	34	34	34
#
# Removing constant from the order by clause
#
EXPLAIN SELECT * FROM t1,t2
WHERE t1.a > 95 AND t1.a=t2.a
ORDER BY t2.a
LIMIT 4;
id	select_type	table	type	possible_keys	key	key_len	ref	rows	Extra
1	SIMPLE	t2	ALL	NULL	NULL	NULL	NULL	102	Using where; Using filesort
1	SIMPLE	t1	ref	a	a	5	test.t2.a	1	
EXPLAIN FORMAT=JSON SELECT * FROM t1,t2
WHERE t1.a > 95 AND t1.a=t2.a
ORDER BY t2.a
LIMIT 4;
EXPLAIN
{
  "query_block": {
    "select_id": 1,
    "read_sorted_file": {
      "filesort": {
        "sort_key": "t2.a",
        "table": {
          "table_name": "t2",
          "access_type": "ALL",
          "rows": 102,
          "filtered": 4.6875,
          "attached_condition": "t2.a > 95 and t2.a is not null"
        }
      }
    },
    "table": {
      "table_name": "t1",
      "access_type": "ref",
      "possible_keys": ["a"],
      "key": "a",
      "key_length": "5",
      "used_key_parts": ["a"],
      "ref": ["test.t2.a"],
      "rows": 1,
      "filtered": 100
    }
  }
}
SELECT * FROM t1,t2
WHERE t1.a > 95 AND t1.a=t2.a
ORDER BY t2.a
LIMIT 4;
a	b	a	b
96	96	96	96
97	97	97	97
98	98	98	98
99	99	99	99
EXPLAIN SELECT * FROM t1,t2
WHERE t1.a > 95  and t1.a=t2.a
ORDER BY 1+2,t2.a limit 4;
id	select_type	table	type	possible_keys	key	key_len	ref	rows	Extra
1	SIMPLE	t2	ALL	NULL	NULL	NULL	NULL	102	Using where; Using filesort
1	SIMPLE	t1	ref	a	a	5	test.t2.a	1	
EXPLAIN FORMAT=JSON SELECT * FROM t1,t2
WHERE t1.a > 95  and t1.a=t2.a
ORDER BY 1+2,t2.a limit 4;
EXPLAIN
{
  "query_block": {
    "select_id": 1,
    "read_sorted_file": {
      "filesort": {
        "sort_key": "t2.a",
        "table": {
          "table_name": "t2",
          "access_type": "ALL",
          "rows": 102,
          "filtered": 4.6875,
          "attached_condition": "t2.a > 95 and t2.a is not null"
        }
      }
    },
    "table": {
      "table_name": "t1",
      "access_type": "ref",
      "possible_keys": ["a"],
      "key": "a",
      "key_length": "5",
      "used_key_parts": ["a"],
      "ref": ["test.t2.a"],
      "rows": 1,
      "filtered": 100
    }
  }
}
SELECT * FROM t1,t2
WHERE t1.a > 95  and t1.a=t2.a
ORDER BY 1+2,t2.a limit 4;
a	b	a	b
96	96	96	96
97	97	97	97
98	98	98	98
99	99	99	99
#
# Equality propagation, both the queries should use a
# sort nest on {t1,t2}
#
EXPLAIN SELECT t3.b, t2.a, t1.b, t1.a
FROM t1,t2,t3
WHERE t1.b=t3.a and t1.a=t2.b
ORDER BY t1.b DESC, t2.a DESC limit 3;
id	select_type	table	type	possible_keys	key	key_len	ref	rows	Extra
1	SIMPLE	t2	ALL	NULL	NULL	NULL	NULL	102	Using where
1	SIMPLE	t1	ref	a	a	5	test.t2.b	1	
1	SIMPLE	<sort-nest>	ALL	NULL	NULL	NULL	NULL	3	Using filesort
1	SIMPLE	t3	ref	a	a	5	sort-nest.b	1	
EXPLAIN FORMAT=JSON SELECT t3.b, t2.a, t1.b, t1.a
FROM t1,t2,t3
WHERE t1.b=t3.a and t1.a=t2.b
ORDER BY t1.b DESC, t2.a DESC limit 3;
EXPLAIN
{
  "query_block": {
    "select_id": 1,
    "table": {
      "table_name": "t2",
      "access_type": "ALL",
      "rows": 102,
      "filtered": 100,
      "attached_condition": "t2.b is not null"
    },
    "table": {
      "table_name": "t1",
      "access_type": "ref",
      "possible_keys": ["a"],
      "key": "a",
      "key_length": "5",
      "used_key_parts": ["a"],
      "ref": ["test.t2.b"],
      "rows": 1,
      "filtered": 100
    },
    "read_sorted_file": {
      "filesort": {
        "sort_key": "`sort-nest`.b desc, `sort-nest`.a desc",
        "table": {
          "table_name": "<sort-nest>",
          "access_type": "ALL",
          "rows": 3,
          "filtered": 100
        }
      }
    },
    "table": {
      "table_name": "t3",
      "access_type": "ref",
      "possible_keys": ["a"],
      "key": "a",
      "key_length": "5",
      "used_key_parts": ["a"],
      "ref": ["sort-nest.b"],
      "rows": 1,
      "filtered": 100
    }
  }
}
SELECT t3.b, t2.a, t1.b, t1.a
FROM t1,t2,t3
WHERE t1.b=t3.a and t1.a=t2.b
ORDER BY t1.b DESC, t2.a DESC limit 3;
b	a	b	a
99	99	99	99
98	98	98	98
97	97	97	97
EXPLAIN SELECT t3.b, t2.a, t1.b, t1.a
FROM t1,t2,t3
WHERE t1.b=t3.a and t1.a=t2.b
ORDER BY t3.a DESC, t2.a DESC
LIMIT 3;
id	select_type	table	type	possible_keys	key	key_len	ref	rows	Extra
1	SIMPLE	t2	ALL	NULL	NULL	NULL	NULL	102	Using where
1	SIMPLE	t1	ref	a	a	5	test.t2.b	1	
1	SIMPLE	<sort-nest>	ALL	NULL	NULL	NULL	NULL	3	Using filesort
1	SIMPLE	t3	ref	a	a	5	sort-nest.b	1	
EXPLAIN FORMAT=JSON SELECT t3.b, t2.a, t1.b, t1.a
FROM t1,t2,t3
WHERE t1.b=t3.a and t1.a=t2.b
ORDER BY t3.a DESC, t2.a DESC
LIMIT 3;
EXPLAIN
{
  "query_block": {
    "select_id": 1,
    "table": {
      "table_name": "t2",
      "access_type": "ALL",
      "rows": 102,
      "filtered": 100,
      "attached_condition": "t2.b is not null"
    },
    "table": {
      "table_name": "t1",
      "access_type": "ref",
      "possible_keys": ["a"],
      "key": "a",
      "key_length": "5",
      "used_key_parts": ["a"],
      "ref": ["test.t2.b"],
      "rows": 1,
      "filtered": 100
    },
    "read_sorted_file": {
      "filesort": {
        "sort_key": "`sort-nest`.b desc, `sort-nest`.a desc",
        "table": {
          "table_name": "<sort-nest>",
          "access_type": "ALL",
          "rows": 3,
          "filtered": 100
        }
      }
    },
    "table": {
      "table_name": "t3",
      "access_type": "ref",
      "possible_keys": ["a"],
      "key": "a",
      "key_length": "5",
      "used_key_parts": ["a"],
      "ref": ["sort-nest.b"],
      "rows": 1,
      "filtered": 100
    }
  }
}
SELECT t3.b, t2.a, t1.b, t1.a
FROM t1,t2,t3
WHERE t1.b=t3.a and t1.a=t2.b
ORDER BY t3.a DESC, t2.a DESC
LIMIT 3;
b	a	b	a
99	99	99	99
98	98	98	98
97	97	97	97
#
# Equality propagation also for arguments of expressions,
# the plan should use a sort nest on {t1,t2}
#
EXPLAIN SELECT t3.b,t2.a, t1.b, t1.a
FROM t1,t2,t3
WHERE t1.b=t3.a and t1.a=t2.b
ORDER BY t3.a + 1 DESC, t2.a DESC
LIMIT 3;
id	select_type	table	type	possible_keys	key	key_len	ref	rows	Extra
1	SIMPLE	t2	ALL	NULL	NULL	NULL	NULL	102	Using where
1	SIMPLE	t1	ref	a	a	5	test.t2.b	1	
1	SIMPLE	<sort-nest>	ALL	NULL	NULL	NULL	NULL	3	Using filesort
1	SIMPLE	t3	ref	a	a	5	sort-nest.b	1	
EXPLAIN FORMAT=JSON SELECT t3.b,t2.a, t1.b, t1.a
FROM t1,t2,t3
WHERE t1.b=t3.a and t1.a=t2.b
ORDER BY t3.a + 1 DESC, t2.a DESC
LIMIT 3;
EXPLAIN
{
  "query_block": {
    "select_id": 1,
    "table": {
      "table_name": "t2",
      "access_type": "ALL",
      "rows": 102,
      "filtered": 100,
      "attached_condition": "t2.b is not null"
    },
    "table": {
      "table_name": "t1",
      "access_type": "ref",
      "possible_keys": ["a"],
      "key": "a",
      "key_length": "5",
      "used_key_parts": ["a"],
      "ref": ["test.t2.b"],
      "rows": 1,
      "filtered": 100
    },
    "read_sorted_file": {
      "filesort": {
        "sort_key": "`sort-nest`.b + 1 desc, `sort-nest`.a desc",
        "table": {
          "table_name": "<sort-nest>",
          "access_type": "ALL",
          "rows": 3,
          "filtered": 100
        }
      }
    },
    "table": {
      "table_name": "t3",
      "access_type": "ref",
      "possible_keys": ["a"],
      "key": "a",
      "key_length": "5",
      "used_key_parts": ["a"],
      "ref": ["sort-nest.b"],
      "rows": 1,
      "filtered": 100
    }
  }
}
SELECT t3.b,t2.a, t1.b, t1.a
FROM t1,t2,t3
WHERE t1.b=t3.a and t1.a=t2.b
ORDER BY t3.a + 1 DESC, t2.a DESC
LIMIT 3;
b	a	b	a
99	99	99	99
98	98	98	98
97	97	97	97
#
# With having clause we can't have a sort-nest
#
EXPLAIN SELECT * FROM t1,t2,t3
WHERE t1.a=t2.a AND t1.b = t3.a
HAVING t1.a > 15
ORDER BY t2.b,t1.b
LIMIT 5;
id	select_type	table	type	possible_keys	key	key_len	ref	rows	Extra
1	SIMPLE	t2	ALL	NULL	NULL	NULL	NULL	102	Using where; Using temporary; Using filesort
1	SIMPLE	t1	ref	a	a	5	test.t2.a	1	Using where
1	SIMPLE	t3	ref	a	a	5	test.t1.b	1	
SELECT * FROM t1,t2,t3
WHERE t1.a=t2.a AND t1.b = t3.a
HAVING t1.a > 15
ORDER BY t2.b,t1.b
LIMIT 5;
a	b	a	b	a	b
30	30	30	30	30	30
31	31	31	31	31	31
32	32	32	32	32	32
33	33	33	33	33	33
34	34	34	34	34	34
EXPLAIN SELECT * FROM t1,t2,t3
WHERE t1.a > 15 AND t1.a=t2.a AND t1.b = t3.a
ORDER BY t2.b,t1.b
LIMIT 5;
id	select_type	table	type	possible_keys	key	key_len	ref	rows	Extra
1	SIMPLE	t2	ALL	NULL	NULL	NULL	NULL	102	Using where
1	SIMPLE	t1	ref	a	a	5	test.t2.a	1	
1	SIMPLE	<sort-nest>	ALL	NULL	NULL	NULL	NULL	5	Using filesort
1	SIMPLE	t3	ref	a	a	5	sort-nest.b	1	
SELECT * FROM t1,t2,t3
WHERE t1.a > 15 AND t1.a=t2.a AND t1.b = t3.a
ORDER BY t2.b,t1.b
LIMIT 5;
a	b	a	b	a	b
30	30	30	30	30	30
31	31	31	31	31	31
32	32	32	32	32	32
33	33	33	33	33	33
34	34	34	34	34	34
#
# Selectivity estimates taken into account for sort-nest{t1,t2}
#
CREATE INDEX idx1 ON t1(b);
CREATE INDEX idx2 ON t2(a);
CREATE INDEX idx3 ON t3(b);
EXPLAIN SELECT * from t1,t2,t3
WHERE t1.a=t2.a AND t1.b = t3.a AND t1.b < 50 AND t3.b < 900
ORDER BY t2.b
LIMIT 5;
id	select_type	table	type	possible_keys	key	key_len	ref	rows	Extra
1	SIMPLE	t1	range	a,idx1	idx1	5	NULL	20	Using index condition; Using where
1	SIMPLE	t2	ref	idx2	idx2	5	test.t1.a	1	
1	SIMPLE	<sort-nest>	ALL	NULL	NULL	NULL	NULL	5	Using filesort
1	SIMPLE	t3	ref	a,idx3	a	5	sort-nest.b	1	Using where
EXPLAIN FORMAT=JSON SELECT * from t1,t2,t3
WHERE t1.a=t2.a AND t1.b = t3.a AND t1.b < 50 AND t3.b < 900
ORDER BY t2.b
LIMIT 5;
EXPLAIN
{
  "query_block": {
    "select_id": 1,
    "table": {
      "table_name": "t1",
      "access_type": "range",
      "possible_keys": ["a", "idx1"],
      "key": "idx1",
      "key_length": "5",
      "used_key_parts": ["b"],
      "rows": 20,
      "filtered": 100,
      "index_condition": "t1.b < 50",
      "attached_condition": "t1.a is not null"
    },
    "table": {
      "table_name": "t2",
      "access_type": "ref",
      "possible_keys": ["idx2"],
      "key": "idx2",
      "key_length": "5",
      "used_key_parts": ["a"],
      "ref": ["test.t1.a"],
      "rows": 1,
      "filtered": 100
    },
    "read_sorted_file": {
      "filesort": {
        "sort_key": "`sort-nest`.b",
        "table": {
          "table_name": "<sort-nest>",
          "access_type": "ALL",
          "rows": 5,
          "filtered": 100
        }
      }
    },
    "table": {
      "table_name": "t3",
      "access_type": "ref",
      "possible_keys": ["a", "idx3"],
      "key": "a",
      "key_length": "5",
      "used_key_parts": ["a"],
      "ref": ["sort-nest.b"],
      "rows": 1,
      "filtered": 89,
      "attached_condition": "t3.b < 900"
    }
  }
}
SELECT * from t1,t2,t3
WHERE t1.a=t2.a AND t1.b = t3.a AND t1.b < 50 AND t3.b < 900
ORDER BY t2.b
LIMIT 5;
a	b	a	b	a	b
30	30	30	30	30	30
31	31	31	31	31	31
32	32	32	32	32	32
33	33	33	33	33	33
34	34	34	34	34	34
DROP INDEX idx1 ON t1;
DROP INDEX idx2 ON t2;
DROP INDEX idx3 ON t3;
DROP TABLE t1,t2,t3;
DROP FUNCTION f1;
Derived table inside a sort-nest
CREATE TABLE t1 (f1 varchar(1), f2 varchar(1), KEY (f2));
INSERT INTO t1 VALUES
('r','x'), ('x','x'), ('x','x'), ('r','x'), ('x','x');
CREATE TABLE t2 (f1 varchar(1), f2 varchar(1));
INSERT INTO t2 VALUES ('s','x');
CREATE TABLE t3 (f1 varchar(1), f2 varchar(1), KEY (f2));
INSERT INTO t3 VALUES
(NULL,'x'), (NULL,'f'), ('t','x'), (NULL,'j'), ('g','x');
CREATE TABLE t4 (f1 int, f2 varchar(1), KEY (f2,f1)) ;
INSERT INTO t4 VALUES (2,'x'), (1,'x');
EXPLAIN SELECT t.f1 as f
FROM (SELECT DISTINCT t1.* FROM t1,t2 WHERE t2.f2 = t1.f2) t,t3,t4
WHERE t4.f2 = t3.f2  AND t4.f2 = t.f1
ORDER BY f LIMIT 10;
id	select_type	table	type	possible_keys	key	key_len	ref	rows	Extra
1	PRIMARY	t4	index	f2	f2	9	NULL	2	Using where; Using index
1	PRIMARY	<derived2>	ref	key1	key1	4	test.t4.f2	2	
1	PRIMARY	<sort-nest>	ALL	NULL	NULL	NULL	NULL	4	Using filesort
1	PRIMARY	t3	ref	f2	f2	4	sort-nest.f2	2	Using index
2	DERIVED	t2	system	NULL	NULL	NULL	NULL	1	Using temporary
2	DERIVED	t1	ALL	f2	NULL	NULL	NULL	5	Using where
EXPLAIN FORMAT=JSON SELECT t.f1 as f
FROM (SELECT DISTINCT t1.* FROM t1,t2 WHERE t2.f2 = t1.f2) t,t3,t4
WHERE t4.f2 = t3.f2  AND t4.f2 = t.f1
ORDER BY f LIMIT 10;
EXPLAIN
{
  "query_block": {
    "select_id": 1,
    "table": {
      "table_name": "t4",
      "access_type": "index",
      "possible_keys": ["f2"],
      "key": "f2",
      "key_length": "9",
      "used_key_parts": ["f2", "f1"],
      "rows": 2,
      "filtered": 100,
      "attached_condition": "t4.f2 is not null",
      "using_index": true
    },
    "table": {
      "table_name": "<derived2>",
      "access_type": "ref",
      "possible_keys": ["key1"],
      "key": "key1",
      "key_length": "4",
      "used_key_parts": ["f1"],
      "ref": ["test.t4.f2"],
      "rows": 2,
      "filtered": 100,
      "materialized": {
        "query_block": {
          "select_id": 2,
          "temporary_table": {
            "table": {
              "table_name": "t2",
              "access_type": "system",
              "rows": 1,
              "filtered": 100
            },
            "table": {
              "table_name": "t1",
              "access_type": "ALL",
              "possible_keys": ["f2"],
              "rows": 5,
              "filtered": 100,
              "attached_condition": "t1.f2 = 'x'"
            }
          }
        }
      }
    },
    "read_sorted_file": {
      "filesort": {
        "sort_key": "`sort-nest`.f1",
        "table": {
          "table_name": "<sort-nest>",
          "access_type": "ALL",
          "rows": 4,
          "filtered": 100
        }
      }
    },
    "table": {
      "table_name": "t3",
      "access_type": "ref",
      "possible_keys": ["f2"],
      "key": "f2",
      "key_length": "4",
      "used_key_parts": ["f2"],
      "ref": ["sort-nest.f2"],
      "rows": 2,
      "filtered": 100,
      "using_index": true
    }
  }
}
SELECT t.f1 as f
FROM (SELECT DISTINCT t1.* FROM t1,t2 WHERE t2.f2 = t1.f2) t,t3,t4
WHERE t4.f2 = t3.f2  AND t4.f2 = t.f1
ORDER BY f LIMIT 10;
f
x
x
x
x
x
x
should use the sort-nest too like the query above
EXPLAIN SELECT t4.f1 as f, t.f1 as g
FROM (SELECT DISTINCT t1.* FROM t1,t2 WHERE t2.f2 = t1.f2) t,t3,t4
WHERE t4.f2 = t3.f2  AND t4.f2 = t.f1 ORDER BY f,g
LIMIT 10;
id	select_type	table	type	possible_keys	key	key_len	ref	rows	Extra
1	PRIMARY	t4	index	f2	f2	9	NULL	2	Using where; Using index
1	PRIMARY	<derived2>	ref	key1	key1	4	test.t4.f2	2	
1	PRIMARY	<sort-nest>	ALL	NULL	NULL	NULL	NULL	4	Using filesort
1	PRIMARY	t3	ref	f2	f2	4	sort-nest.f2	2	Using index
2	DERIVED	t2	system	NULL	NULL	NULL	NULL	1	Using temporary
2	DERIVED	t1	ALL	f2	NULL	NULL	NULL	5	Using where
EXPLAIN FORMAT=JSON SELECT t4.f1 as f, t.f1 as g
FROM (SELECT DISTINCT t1.* FROM t1,t2 WHERE t2.f2 = t1.f2) t,t3,t4
WHERE t4.f2 = t3.f2  AND t4.f2 = t.f1 ORDER BY f,g
LIMIT 10;
EXPLAIN
{
  "query_block": {
    "select_id": 1,
    "table": {
      "table_name": "t4",
      "access_type": "index",
      "possible_keys": ["f2"],
      "key": "f2",
      "key_length": "9",
      "used_key_parts": ["f2", "f1"],
      "rows": 2,
      "filtered": 100,
      "attached_condition": "t4.f2 is not null",
      "using_index": true
    },
    "table": {
      "table_name": "<derived2>",
      "access_type": "ref",
      "possible_keys": ["key1"],
      "key": "key1",
      "key_length": "4",
      "used_key_parts": ["f1"],
      "ref": ["test.t4.f2"],
      "rows": 2,
      "filtered": 100,
      "materialized": {
        "query_block": {
          "select_id": 2,
          "temporary_table": {
            "table": {
              "table_name": "t2",
              "access_type": "system",
              "rows": 1,
              "filtered": 100
            },
            "table": {
              "table_name": "t1",
              "access_type": "ALL",
              "possible_keys": ["f2"],
              "rows": 5,
              "filtered": 100,
              "attached_condition": "t1.f2 = 'x'"
            }
          }
        }
      }
    },
    "read_sorted_file": {
      "filesort": {
        "sort_key": "`sort-nest`.f1, `sort-nest`.f1",
        "table": {
          "table_name": "<sort-nest>",
          "access_type": "ALL",
          "rows": 4,
          "filtered": 100
        }
      }
    },
    "table": {
      "table_name": "t3",
      "access_type": "ref",
      "possible_keys": ["f2"],
      "key": "f2",
      "key_length": "4",
      "used_key_parts": ["f2"],
      "ref": ["sort-nest.f2"],
      "rows": 2,
      "filtered": 100,
      "using_index": true
    }
  }
}
SELECT t4.f1 as f, t.f1 as g
FROM (SELECT DISTINCT t1.* FROM t1,t2 WHERE t2.f2 = t1.f2) t,t3,t4
WHERE t4.f2 = t3.f2  AND t4.f2 = t.f1 ORDER BY f,g
LIMIT 10;
f	g
1	x
1	x
1	x
2	x
2	x
2	x
DROP TABLE t1,t2,t3,t4;
views inside a sort-nest
CREATE TABLE t0 (x int);
CREATE TABLE t1 (a int, key(a));
CREATE TABLE t2 (b int, c int default 0);
INSERT t0 (x) VALUES (0),(10);
INSERT t1 (a) VALUES (1), (2), (3),(4),(5),(6),(7),(8),(9);
INSERT t2 (b) VALUES (1), (2), (3),(4),(5),(6),(7),(8),(9);
ANALYZE TABLE t0 PERSISTENT FOR ALL;
ANALYZE TABLE t1 PERSISTENT FOR ALL;
ANALYZE TABLE t2 PERSISTENT FOR ALL;
CREATE VIEW v1 as SELECT t2.b,t2.c FROM t1, t2
WHERE t1.a=t2.b and t2.b < 3;
EXPLAIN SELECT * FROM v1,t0 ORDER BY x,b DESC LIMIT 2;
id	select_type	table	type	possible_keys	key	key_len	ref	rows	Extra
1	SIMPLE	t0	ALL	NULL	NULL	NULL	NULL	2	
1	SIMPLE	t2	ALL	NULL	NULL	NULL	NULL	9	Using where; Using join buffer (flat, BNL join)
1	SIMPLE	<sort-nest>	ALL	NULL	NULL	NULL	NULL	2	Using filesort
1	SIMPLE	t1	ref	a	a	5	sort-nest.b	1	Using index
EXPLAIN FORMAT=JSON SELECT * FROM v1,t0 ORDER BY x,b DESC LIMIT 2;
EXPLAIN
{
  "query_block": {
    "select_id": 1,
    "table": {
      "table_name": "t0",
      "access_type": "ALL",
      "rows": 2,
      "filtered": 100
    },
    "block-nl-join": {
      "table": {
        "table_name": "t2",
        "access_type": "ALL",
        "rows": 9,
        "filtered": 32.812
      },
      "buffer_type": "flat",
      "buffer_size": "65",
      "join_type": "BNL",
      "attached_condition": "t2.b < 3"
    },
    "read_sorted_file": {
      "filesort": {
        "sort_key": "`sort-nest`.x, `sort-nest`.b desc",
        "table": {
          "table_name": "<sort-nest>",
          "access_type": "ALL",
          "rows": 2,
          "filtered": 100
        }
      }
    },
    "table": {
      "table_name": "t1",
      "access_type": "ref",
      "possible_keys": ["a"],
      "key": "a",
      "key_length": "5",
      "used_key_parts": ["a"],
      "ref": ["sort-nest.b"],
      "rows": 1,
      "filtered": 100,
      "using_index": true
    }
  }
}
SELECT * FROM v1,t0 ORDER BY x,b DESC LIMIT 2;
b	c	x
2	0	0
1	0	0
DROP TABLE t0,t1,t2;
DROP VIEW v1;
# Primary key considered as the key that could achieve ordering
CREATE TABLE t1 (id char(32) NOT NULL primary key);
INSERT INTO t1 VALUES (0), (1), (2), (3), (4), (5), (6), (7), (8), (9);
CREATE TABLE t2 (id char(32) NOT NULL primary key);
INSERT INTO t2 VALUES (0), (1), (2), (3);
EXPLAIN SELECT t1.id
FROM t1 INNER JOIN t2 ON t1.id=t2.id
ORDER BY t2.id LIMIT 2;
id	select_type	table	type	possible_keys	key	key_len	ref	rows	Extra
1	SIMPLE	t2	index	PRIMARY	PRIMARY	32	NULL	2	Using index
1	SIMPLE	t1	eq_ref	PRIMARY	PRIMARY	32	test.t2.id	1	Using index
EXPLAIN FORMAT=JSON SELECT t1.id
FROM t1 INNER JOIN t2 ON t1.id=t2.id
ORDER BY t2.id LIMIT 2;
EXPLAIN
{
  "query_block": {
    "select_id": 1,
    "table": {
      "table_name": "t2",
      "access_type": "index",
      "possible_keys": ["PRIMARY"],
      "key": "PRIMARY",
      "key_length": "32",
      "used_key_parts": ["id"],
      "rows": 2,
      "filtered": 100,
      "using_index": true
    },
    "table": {
      "table_name": "t1",
      "access_type": "eq_ref",
      "possible_keys": ["PRIMARY"],
      "key": "PRIMARY",
      "key_length": "32",
      "used_key_parts": ["id"],
      "ref": ["test.t2.id"],
      "rows": 1,
      "filtered": 100,
      "using_index": true
    }
  }
}
SELECT t1.id
FROM t1 INNER JOIN t2 ON t1.id=t2.id
ORDER BY t2.id LIMIT 2;
id
0
1
DROP TABLE t1,t2;
CREATE TABLE t1 (a int, b int);
INSERT INTO t1 SELECT seq-1, seq-1 from seq_1_to_10;
CREATE TABLE t2 as SELECT * from t1;
CREATE TABLE t3 (a int, b int);
INSERT INTO t3 SELECT seq-1, seq-1 from seq_1_to_1000;
ANALYZE TABLE t1 PERSISTENT FOR ALL;
ANALYZE TABLE t2 PERSISTENT FOR ALL;
ANALYZE TABLE t3 PERSISTENT FOR ALL;
#
# Outer Join
#
# sort-nest(t2,t1) and t3 outside the nest
EXPLAIN SELECT * from t2,t1 left join t3 on t3.a=t1.b
order by t2.a desc,t1.a desc limit 5;
id	select_type	table	type	possible_keys	key	key_len	ref	rows	Extra
1	SIMPLE	t2	ALL	NULL	NULL	NULL	NULL	10	
1	SIMPLE	t1	ALL	NULL	NULL	NULL	NULL	10	Using join buffer (flat, BNL join)
1	SIMPLE	<sort-nest>	ALL	NULL	NULL	NULL	NULL	1	Using filesort
1	SIMPLE	t3	ALL	NULL	NULL	NULL	NULL	1000	Using where
EXPLAIN FORMAT=JSON SELECT * from t2,t1 left join t3 on t3.a=t1.b
order by t2.a desc,t1.a desc limit 5;
EXPLAIN
{
  "query_block": {
    "select_id": 1,
    "const_condition": "1",
    "table": {
      "table_name": "t2",
      "access_type": "ALL",
      "rows": 10,
      "filtered": 100
    },
    "block-nl-join": {
      "table": {
        "table_name": "t1",
        "access_type": "ALL",
        "rows": 10,
        "filtered": 100
      },
      "buffer_type": "flat",
      "buffer_size": "119",
      "join_type": "BNL"
    },
    "read_sorted_file": {
      "filesort": {
        "sort_key": "`sort-nest`.a desc, `sort-nest`.a desc",
        "table": {
          "table_name": "<sort-nest>",
          "access_type": "ALL",
          "rows": 1,
          "filtered": 100
        }
      }
    },
    "table": {
      "table_name": "t3",
      "access_type": "ALL",
      "rows": 1000,
      "filtered": 100,
      "attached_condition": "trigcond(t3.a = `sort-nest`.b)"
    }
  }
}
SELECT * from t2,t1 left join t3 on t3.a=t1.b
order by t2.a desc,t1.a desc limit 5;
a	b	a	b	a	b
9	9	9	9	9	9
9	9	8	8	8	8
9	9	7	7	7	7
9	9	6	6	6	6
9	9	5	5	5	5
#
# no sort-nest as all the inner tables of the outer join will be
# inside the nest, this should use temporary table to sort after the
# entire join is computed
#
EXPLAIN SELECT * FROM t2 LEFT JOIN (t1 LEFT JOIN t3 ON t3.a=t1.b)
ON t2.b=t1.a
ORDER BY t2.a DESC,t1.a DESC LIMIT 5;
id	select_type	table	type	possible_keys	key	key_len	ref	rows	Extra
1	SIMPLE	t2	ALL	NULL	NULL	NULL	NULL	10	Using temporary; Using filesort
1	SIMPLE	t1	ALL	NULL	NULL	NULL	NULL	10	Using where; Using join buffer (flat, BNL join)
1	SIMPLE	t3	ALL	NULL	NULL	NULL	NULL	1000	Using where; Using join buffer (incremental, BNL join)
EXPLAIN FORMAT=JSON SELECT * FROM t2 LEFT JOIN (t1 LEFT JOIN t3 ON t3.a=t1.b)
ON t2.b=t1.a
ORDER BY t2.a DESC,t1.a DESC LIMIT 5;
EXPLAIN
{
  "query_block": {
    "select_id": 1,
    "const_condition": "1",
    "filesort": {
      "sort_key": "t2.a desc, t1.a desc",
      "temporary_table": {
        "table": {
          "table_name": "t2",
          "access_type": "ALL",
          "rows": 10,
          "filtered": 100
        },
        "block-nl-join": {
          "table": {
            "table_name": "t1",
            "access_type": "ALL",
            "rows": 10,
            "filtered": 100
          },
          "buffer_type": "flat",
          "buffer_size": "141",
          "join_type": "BNL",
          "attached_condition": "trigcond(t1.a = t2.b)"
        },
        "block-nl-join": {
          "table": {
            "table_name": "t3",
            "access_type": "ALL",
            "rows": 1000,
            "filtered": 100
          },
          "buffer_type": "incremental",
          "buffer_size": "1Kb",
          "join_type": "BNL",
          "attached_condition": "trigcond(t3.a = t1.b)"
        }
      }
    }
  }
}
SELECT * FROM t2 LEFT JOIN (t1 LEFT JOIN t3 ON t3.a=t1.b)
ON t2.b=t1.a
ORDER BY t2.a DESC,t1.a DESC LIMIT 5;
a	b	a	b	a	b
9	9	9	9	9	9
8	8	8	8	8	8
7	7	7	7	7	7
6	6	6	6	6	6
5	5	5	5	5	5
DROP TABLE t1,t2,t3;
#
# Sort-nest with prepared statements
#
CREATE TABLE t1 (a int, b int);
INSERT INTO t1 SELECT seq-1,seq-1 from seq_1_to_10;
CREATE TABLE t2 as SELECT * from t1;
CREATE TABLE t3 (a int, b int, key(a));
INSERT INTO t3 SELECT seq-1, seq-1 from seq_1_to_1000;
ANALYZE TABLE t1 PERSISTENT FOR ALL;
ANALYZE TABLE t2 PERSISTENT FOR ALL;
ANALYZE TABLE t3 PERSISTENT FOR ALL;
# sort-nest on table t1,t2
prepare ps1 from "EXPLAIN SELECT * FROM t2,t1,t3
                  WHERE t3.a=t1.b
                  ORDER BY t2.a DESC,t1.a DESC
                  LIMIT 5";
EXECUTE ps1;
id	select_type	table	type	possible_keys	key	key_len	ref	rows	Extra
1	SIMPLE	t2	ALL	NULL	NULL	NULL	NULL	10	
1	SIMPLE	t1	ALL	NULL	NULL	NULL	NULL	10	Using join buffer (flat, BNL join)
1	SIMPLE	<sort-nest>	ALL	NULL	NULL	NULL	NULL	5	Using filesort
1	SIMPLE	t3	ref	a	a	5	sort-nest.b	1	
EXECUTE ps1;
id	select_type	table	type	possible_keys	key	key_len	ref	rows	Extra
1	SIMPLE	t2	ALL	NULL	NULL	NULL	NULL	10	
1	SIMPLE	t1	ALL	NULL	NULL	NULL	NULL	10	Using join buffer (flat, BNL join)
1	SIMPLE	<sort-nest>	ALL	NULL	NULL	NULL	NULL	5	Using filesort
1	SIMPLE	t3	ref	a	a	5	sort-nest.b	1	
# sort-nest on table t1,t2
PREPARE ps3 from "SELECT * from t2,t1,t3
                  WHERE t3.a=t1.b+1
                  ORDER BY t2.a DESC, t1.a DESC
                  LIMIT 5";
EXECUTE ps3;
a	b	a	b	a	b
9	9	9	9	10	10
9	9	8	8	9	9
9	9	7	7	8	8
9	9	6	6	7	7
9	9	5	5	6	6
EXECUTE ps3;
a	b	a	b	a	b
9	9	9	9	10	10
9	9	8	8	9	9
9	9	7	7	8	8
9	9	6	6	7	7
9	9	5	5	6	6
DEALLOCATE PREPARE ps1;
DEALLOCATE PREPARE ps3;
DROP TABLE t1,t2,t3;
# INDEPENDENT SUBQUERIES
CREATE TABLE t0 (a int);
INSERT INTO t0 SELECT seq-1 from seq_1_to_10;
CREATE TABLE t1 (a int, b int, key(a));
INSERT INTO t1 SELECT a,a from t0;
CREATE TABLE t2 as SELECT * from t1 where a < 5;
CREATE TABLE t3 (a int, b int, c int);
INSERT INTO t3 SELECT seq-1, seq-1, seq-1 from seq_1_to_1000;
ANALYZE TABLE t1 PERSISTENT FOR ALL;
ANALYZE TABLE t2 PERSISTENT FOR ALL;
ANALYZE TABLE t3 PERSISTENT FOR ALL;
#
# sort-nest(t2,t1) and independent subquery in the SELECT list
#
EXPLAIN SELECT (SELECT q.a FROM t3 q WHERE q.a > 5 limit 1) as x,
t2.b, t1.b, t3.a
FROM t1,t2,t3
WHERE t1.a = t2.a
ORDER BY t2.b DESC, t1.b DESC
LIMIT 5;
id	select_type	table	type	possible_keys	key	key_len	ref	rows	Extra
1	PRIMARY	t2	ALL	NULL	NULL	NULL	NULL	5	Using where
1	PRIMARY	t1	ref	a	a	5	test.t2.a	1	
1	PRIMARY	<sort-nest>	ALL	NULL	NULL	NULL	NULL	1	Using filesort
1	PRIMARY	t3	ALL	NULL	NULL	NULL	NULL	1000	
2	SUBQUERY	q	ALL	NULL	NULL	NULL	NULL	1000	Using where
EXPLAIN FORMAT=JSON SELECT (SELECT q.a FROM t3 q WHERE q.a > 5 limit 1) as x,
t2.b, t1.b, t3.a
FROM t1,t2,t3
WHERE t1.a = t2.a
ORDER BY t2.b DESC, t1.b DESC
LIMIT 5;
EXPLAIN
{
  "query_block": {
    "select_id": 1,
    "table": {
      "table_name": "t2",
      "access_type": "ALL",
      "rows": 5,
      "filtered": 100,
      "attached_condition": "t2.a is not null"
    },
    "table": {
      "table_name": "t1",
      "access_type": "ref",
      "possible_keys": ["a"],
      "key": "a",
      "key_length": "5",
      "used_key_parts": ["a"],
      "ref": ["test.t2.a"],
      "rows": 1,
      "filtered": 100
    },
    "read_sorted_file": {
      "filesort": {
        "sort_key": "`sort-nest`.b desc, `sort-nest`.b desc",
        "table": {
          "table_name": "<sort-nest>",
          "access_type": "ALL",
          "rows": 1,
          "filtered": 100
        }
      }
    },
    "table": {
      "table_name": "t3",
      "access_type": "ALL",
      "rows": 1000,
      "filtered": 100
    },
    "subqueries": [
      {
        "query_block": {
          "select_id": 2,
          "table": {
            "table_name": "q",
            "access_type": "ALL",
            "rows": 1000,
            "filtered": 99.219,
            "attached_condition": "q.a > 5"
          }
        }
      }
    ]
  }
}
SELECT (SELECT q.a FROM t3 q WHERE q.a > 5 limit 1) as x,
t2.b, t1.b, t3.a
FROM t1,t2,t3
WHERE t1.a = t2.a
ORDER BY t2.b DESC, t1.b DESC
LIMIT 5;
x	b	b	a
6	4	4	0
6	4	4	1
6	4	4	2
6	4	4	3
6	4	4	4
DROP TABLE t0,t1,t2,t3;
#
#  Const tables should not form the sort-nest
#
CREATE TABLE t1 (i1 integer NOT NULL PRIMARY KEY);
CREATE TABLE t2 (i2 integer NOT NULL PRIMARY KEY);
CREATE TABLE t3 (i3 integer);
INSERT INTO t1 VALUES (1), (2), (3), (4), (5), (6), (7), (8),
(9), (10), (11), (12);
INSERT INTO t2 SELECT * FROM t1;
EXPLAIN SELECT t1.*, t2.*
FROM t1 JOIN t2 ON t1.i1 = t2.i2
LEFT JOIN t3 ON t2.i2 = t3.i3
ORDER BY t1.i1
LIMIT 5;
id	select_type	table	type	possible_keys	key	key_len	ref	rows	Extra
1	SIMPLE	t3	system	NULL	NULL	NULL	NULL	0	Const row not found
1	SIMPLE	t1	index	PRIMARY	PRIMARY	4	NULL	12	Using index
1	SIMPLE	t2	eq_ref	PRIMARY	PRIMARY	4	test.t1.i1	1	Using index
SELECT t1.*, t2.*
FROM t1 JOIN t2 ON t1.i1 = t2.i2
LEFT JOIN t3 ON t2.i2 = t3.i3
ORDER BY t1.i1
LIMIT 5;
i1	i2
1	1
2	2
3	3
4	4
5	5
DROP TABLE t1,t2,t3;
# All tables are const tables
CREATE TABLE t1 (a int, b int);
INSERT INTO t1 VALUES (0,0);
CREATE TABLE t2(a int, b int);
INSERT INTO t2 VALUES (0,0);
CREATE TABLE t3(a int, b int);
INSERT INTO t3 VALUES (0,0);
EXPLAIN SELECT t1.a,t2.a,t3.a
FROM t1,t2,t3
WHERE t1.b = t2.b AND t3.b=t1.b
ORDER BY t2.a DESC,t1.a DESC
LIMIT 5;
id	select_type	table	type	possible_keys	key	key_len	ref	rows	Extra
1	SIMPLE	t1	system	NULL	NULL	NULL	NULL	1	
1	SIMPLE	t2	system	NULL	NULL	NULL	NULL	1	
1	SIMPLE	t3	system	NULL	NULL	NULL	NULL	1	
SELECT t1.a,t2.a,t3.a
FROM t1,t2,t3
WHERE t1.b = t2.b AND t3.b=t1.b
ORDER BY t2.a DESC,t1.a DESC
LIMIT 5;
a	a	a
0	0	0
DROP TABLE t1,t2,t3;
#
# Tests where Index(scan, ref or range access) satisfies the ORDERING
#
CREATE TABLE t1 (a int, b int, c int, KEY a_b (a,b), KEY a_c (a,c));
INSERT INTO t1 VALUES (0,1,0), (0,2,0), (0,3,0), (0,4,0), (0,5,0), (0,6,0);
INSERT INTO t1 values (1,7,1), (1,8,1), (1,9,1), (1,10,1), (1,11,1), (1,12,1);
INSERT INTO t1 VALUES (1,7,2), (1,8,2), (1,9,2), (1,10,2), (1,11,2), (1,12,2);
INSERT INTO t1 VALUES (1,7,2), (1,8,2), (1,9,2), (1,10,2), (1,11,2), (1,12,2);
INSERT INTO t1 VALUES (1,1,2);
# index key a_b, no need for filesort
EXPLAIN SELECT a,b,c FROM t1
WHERE a=1 and c=2
ORDER BY b
LIMIT 10;
id	select_type	table	type	possible_keys	key	key_len	ref	rows	Extra
1	SIMPLE	t1	ref	a_b,a_c	a_b	5	const	14	Using where
SELECT a,b,c FROM t1
WHERE a=1 and c=2
ORDER BY b
LIMIT 10;
a	b	c
1	1	2
1	7	2
1	7	2
1	8	2
1	8	2
1	9	2
1	9	2
1	10	2
1	10	2
1	11	2
DROP TABLE t1;
#
# Testing ORDER BY LIMIT with OFFSET, should show the same plan and same
# estimate of rows for the sort-nest
#
CREATE TABLE t0 (a int);
INSERT INTO t0 SELECT seq-1 from seq_1_to_10;
CREATE TABLE t1 (a int, b int, key(a));
INSERT INTO t1 SELECT a, a from t0;
CREATE TABLE t2 as SELECT * from t1;
CREATE TABLE t3(a int, b int, c int, key(a));
INSERT INTO t3  SELECT seq-1, seq-1, seq-1 from seq_1_to_100;
ANALYZE TABLE t1 PERSISTENT FOR ALL;
ANALYZE TABLE t2 PERSISTENT FOR ALL;
ANALYZE TABLE t3 PERSISTENT FOR ALL;
EXPLAIN SELECT t1.a, t2.b, t1.b, t3.a
FROM t1,t2,t3
WHERE t1.a=t2.a AND t3.a = t2.a
ORDER BY t2.b DESC, t1.b DESC
LIMIT 10;
id	select_type	table	type	possible_keys	key	key_len	ref	rows	Extra
1	SIMPLE	t2	ALL	NULL	NULL	NULL	NULL	10	Using where
1	SIMPLE	t1	ref	a	a	5	test.t2.a	1	
1	SIMPLE	<sort-nest>	ALL	NULL	NULL	NULL	NULL	10	Using filesort
1	SIMPLE	t3	ref	a	a	5	sort-nest.a	1	Using index
SELECT t1.a, t2.b, t1.b, t3.a
FROM t1,t2,t3
WHERE t1.a=t2.a AND t3.a = t2.a
ORDER BY t2.b DESC, t1.b DESC
LIMIT 10;
a	b	b	a
9	9	9	9
8	8	8	8
7	7	7	7
6	6	6	6
5	5	5	5
4	4	4	4
3	3	3	3
2	2	2	2
1	1	1	1
0	0	0	0
EXPLAIN SELECT t1.a, t2.b, t1.b, t3.a
FROM t1,t2,t3
WHERE t1.a=t2.a AND t3.a=t2.a
ORDER BY t2.b DESC, t1.b DESC
LIMIT 5 OFFSET 5;
id	select_type	table	type	possible_keys	key	key_len	ref	rows	Extra
1	SIMPLE	t2	ALL	NULL	NULL	NULL	NULL	10	Using where
1	SIMPLE	t1	ref	a	a	5	test.t2.a	1	
1	SIMPLE	<sort-nest>	ALL	NULL	NULL	NULL	NULL	10	Using filesort
1	SIMPLE	t3	ref	a	a	5	sort-nest.a	1	Using index
SELECT t1.a, t2.b, t1.b, t3.a
FROM t1,t2,t3
WHERE t1.a=t2.a AND t3.a=t2.a
ORDER BY t2.b DESC, t1.b DESC
LIMIT 5 OFFSET 5;
a	b	b	a
4	4	4	4
3	3	3	3
2	2	2	2
1	1	1	1
0	0	0	0
drop table t0,t1,t2,t3;
#
# Constant removed from ORDER BY , so no need of sorting
#
CREATE TABLE t0 (a int);
INSERT INTO t0 SELECT seq-1 from seq_1_to_10;
CREATE TABLE t1 (a int, b int);
INSERT INTO t1 SELECT a, a from t0 where a <= 5;
CREATE TABLE t2 (a int, b int, key(a));
INSERT INTO t2 SELECT a, a from t0;
EXPLAIN SELECT *
FROM t1,t2
WHERE t1.a=t2.a and t1.b= 4
ORDER BY t1.b DESC
LIMIT 5;
id	select_type	table	type	possible_keys	key	key_len	ref	rows	Extra
1	SIMPLE	t1	ALL	NULL	NULL	NULL	NULL	6	Using where
1	SIMPLE	t2	ref	a	a	5	test.t1.a	1	
SELECT *
FROM t1,t2
WHERE t1.a=t2.a and t1.b= 4
ORDER BY t1.b DESC
LIMIT 5;
a	b	a	b
4	4	4	4
drop table t0,t1,t2;
#
# ORDER BY clause containing expressions
#
CREATE TABLE t0 (a int);
INSERT INTO t0 SELECT seq-1 from seq_1_to_10;
CREATE TABLE t1 (a int, b int, c int, key(a));
INSERT INTO t1 SELECT a, a, a from t0;
CREATE TABLE t2 (a int, b int, c int);
INSERT INTO t2 SELECT a, a, a from t0 where a <5;
CREATE TABLE t3(a int, b int, c int, key(a));
INSERT INTO t3  SELECT seq-1, seq-1, seq-1 from seq_1_to_10;
CREATE TABLE t4(a int, b int, c int, key(b));
INSERT INTO t4  SELECT * from t1 where a < 5;
ANALYZE TABLE t1 PERSISTENT FOR ALL;
ANALYZE TABLE t2 PERSISTENT FOR ALL;
ANALYZE TABLE t3 PERSISTENT FOR ALL;
ANALYZE TABLE t4 PERSISTENT FOR ALL;
EXPLAIN SELECT t1.a, t2.b, t1.b, t1.b + t2.b
FROM t1,t2, t3
WHERE t1.a=t2.b and t2.a=t3.a
ORDER BY abs(t3.a+t1.b) DESC
LIMIT 5;
id	select_type	table	type	possible_keys	key	key_len	ref	rows	Extra
1	SIMPLE	t2	ALL	NULL	NULL	NULL	NULL	5	Using where
1	SIMPLE	t1	ref	a	a	5	test.t2.b	1	
1	SIMPLE	<sort-nest>	ALL	NULL	NULL	NULL	NULL	5	Using filesort
1	SIMPLE	t3	ref	a	a	5	sort-nest.a	1	Using index
SELECT t1.a, t2.b, t1.b, t1.b + t2.b
FROM t1,t2, t3
WHERE t1.a=t2.b and t2.a=t3.a
ORDER BY abs(t3.a+t1.b) DESC
LIMIT 5;
a	b	b	t1.b + t2.b
4	4	4	8
3	3	3	6
2	2	2	4
1	1	1	2
0	0	0	0
#
# No sort nest where ORDER BY item are expensive to compute like 
# stored functions, subqueries etc
CREATE FUNCTION f1(a INT) RETURNS INT
BEGIN
RETURN a;
END|
EXPLAIN SELECT t1.a, t2.b, t1.b, t1.b + t2.b
FROM t1,t2, t3
WHERE t1.a=t2.b and t2.a=t3.a
ORDER BY f1(t3.a+t1.b) DESC
LIMIT 5;
id	select_type	table	type	possible_keys	key	key_len	ref	rows	Extra
1	SIMPLE	t2	ALL	NULL	NULL	NULL	NULL	5	Using where; Using temporary; Using filesort
1	SIMPLE	t1	ref	a	a	5	test.t2.b	1	
1	SIMPLE	t3	ref	a	a	5	test.t2.a	1	Using index
SELECT t1.a, t2.b, t1.b, t1.b + t2.b
FROM t1,t2, t3
WHERE t1.a=t2.b and t2.a=t3.a
ORDER BY f1(t3.a+t1.b) DESC
LIMIT 5;
a	b	b	t1.b + t2.b
4	4	4	8
3	3	3	6
2	2	2	4
1	1	1	2
0	0	0	0
drop function f1;
#
# Window function in order by clause, sort-nest not allowed
#
EXPLAIN SELECT t1.a, t2.b, t1.b, t1.b + t2.b
FROM t1,t2, t3
WHERE t1.a=t2.b AND t2.a=t3.a
ORDER BY row_number() OVER (ORDER BY t1.a) DESC
LIMIT 5;
id	select_type	table	type	possible_keys	key	key_len	ref	rows	Extra
1	SIMPLE	t2	ALL	NULL	NULL	NULL	NULL	5	Using where; Using temporary; Using filesort
1	SIMPLE	t1	ref	a	a	5	test.t2.b	1	
1	SIMPLE	t3	ref	a	a	5	test.t2.a	1	Using index
SELECT t1.a, t2.b, t1.b, t1.b + t2.b
FROM t1,t2, t3
WHERE t1.a=t2.b AND t2.a=t3.a
ORDER BY row_number() OVER (ORDER BY t1.a) DESC
LIMIT 5;
a	b	b	t1.b + t2.b
4	4	4	8
3	3	3	6
2	2	2	4
1	1	1	2
0	0	0	0
#
# Tests with Subqueries
#
#
# Dependent subqueries cannot have a sort-nest
#
EXPLAIN SELECT *
FROM t1
WHERE
t1.b = (select t2.b from t2,t3,t4
where t2.a=t1.a and t3.b=t4.b
ORDER BY t2.c,t3.c limit 1);
id	select_type	table	type	possible_keys	key	key_len	ref	rows	Extra
1	PRIMARY	t1	ALL	NULL	NULL	NULL	NULL	10	Using where
2	DEPENDENT SUBQUERY	t2	ALL	NULL	NULL	NULL	NULL	5	Using where; Using temporary; Using filesort
2	DEPENDENT SUBQUERY	t4	index	b	b	5	NULL	5	Using index; Using join buffer (flat, BNL join)
2	DEPENDENT SUBQUERY	t3	ALL	NULL	NULL	NULL	NULL	10	Using where; Using join buffer (incremental, BNL join)
SELECT *
FROM t1
WHERE
t1.b = (select t2.b from t2,t3,t4
where t2.a=t1.a and t3.b=t4.b
ORDER BY t2.c,t3.c limit 1);
a	b	c
0	0	0
1	1	1
2	2	2
3	3	3
4	4	4
#
# Independent subqueries can have a sort-nest
#
EXPLAIN SELECT *
FROM t1
WHERE
t1.b = (select t2.b from t2,t3,t4
where t2.a=t3.a and t3.b=t4.b
ORDER BY t2.c,t3.c limit 1);
id	select_type	table	type	possible_keys	key	key_len	ref	rows	Extra
1	PRIMARY	t1	ALL	NULL	NULL	NULL	NULL	10	Using where
2	SUBQUERY	t2	ALL	NULL	NULL	NULL	NULL	5	Using where
2	SUBQUERY	t3	ref	a	a	5	test.t2.a	1	
2	SUBQUERY	<sort-nest>	ALL	NULL	NULL	NULL	NULL	1	Using filesort
2	SUBQUERY	t4	ref	b	b	5	sort-nest.b	1	Using index
SELECT *
FROM t1
WHERE
t1.b = (select t2.b from t2,t3,t4
where t2.a=t3.a and t3.b=t4.b
ORDER BY t2.c,t3.c limit 1);
a	b	c
0	0	0
#
# Sort nest inside a derived table
#
EXPLAIN SELECT *
FROM (SELECT t1.a as t, t2.b as u, t1.b as v, t3.a as x
FROM t1,t2,t3
WHERE t1.a=t2.a AND t2.b=t3.a
ORDER BY t2.b DESC, t1.b DESC
LIMIT 5)q;
id	select_type	table	type	possible_keys	key	key_len	ref	rows	Extra
1	PRIMARY	<derived2>	ALL	NULL	NULL	NULL	NULL	5	
2	DERIVED	t2	ALL	NULL	NULL	NULL	NULL	5	Using where
2	DERIVED	t1	ref	a	a	5	test.t2.a	1	
2	DERIVED	<sort-nest>	ALL	NULL	NULL	NULL	NULL	5	Using filesort
2	DERIVED	t3	ref	a	a	5	sort-nest.b	1	Using index
SELECT *
FROM (SELECT t1.a as t, t2.b as u, t1.b as v, t3.a as x
FROM t1,t2,t3
WHERE t1.a=t2.a AND t2.b=t3.a
ORDER BY t2.b DESC, t1.b DESC
LIMIT 5)q;
t	u	v	x
4	4	4	4
3	3	3	3
2	2	2	2
1	1	1	1
0	0	0	0
#
# sort-nest(t2,t1) and independent subquery in the SELECT list
#
EXPLAIN SELECT (SELECT A.a FROM t3 A WHERE A.a > 5 limit 1) as x,
t2.b, t1.b, t3.a
FROM t1,t2,t3
WHERE t1.a = t2.a
ORDER BY t2.b DESC, t1.b DESC
LIMIT 5;
id	select_type	table	type	possible_keys	key	key_len	ref	rows	Extra
1	PRIMARY	t2	ALL	NULL	NULL	NULL	NULL	5	Using where
1	PRIMARY	t1	ref	a	a	5	test.t2.a	1	
1	PRIMARY	<sort-nest>	ALL	NULL	NULL	NULL	NULL	1	Using filesort
1	PRIMARY	t3	index	NULL	a	5	NULL	10	Using index
2	SUBQUERY	A	range	a	a	5	NULL	4	Using where; Using index
SELECT (SELECT A.a FROM t3 A WHERE A.a > 5 limit 1) as x,
t2.b, t1.b, t3.a
FROM t1,t2,t3
WHERE t1.a = t2.a
ORDER BY t2.b DESC, t1.b DESC
LIMIT 5;
x	b	b	a
6	4	4	0
6	4	4	1
6	4	4	2
6	4	4	3
6	4	4	4
#
# sort-nest(t2,t1) and dependent subquery in the SELECT list
#
EXPLAIN SELECT (SELECT A.a FROM t3 A WHERE A.a = t1.b limit 1) as x,
t2.b, t1.b, t3.a
FROM t1,t2,t3
WHERE t1.a = t2.a and t2.c=t3.a
ORDER BY t2.b DESC, t1.b DESC
LIMIT 5;
id	select_type	table	type	possible_keys	key	key_len	ref	rows	Extra
1	PRIMARY	t2	ALL	NULL	NULL	NULL	NULL	5	Using where
1	PRIMARY	t1	ref	a	a	5	test.t2.a	1	
1	PRIMARY	<sort-nest>	ALL	NULL	NULL	NULL	NULL	5	Using filesort
1	PRIMARY	t3	ref	a	a	5	sort-nest.c	1	Using index
2	DEPENDENT SUBQUERY	A	ref	a	a	5	sort-nest.b	1	Using index
SELECT (SELECT A.a FROM t3 A WHERE A.a = t1.b limit 1) as x,
t2.b, t1.b, t3.a
FROM t1,t2,t3
WHERE t1.a = t2.a and t2.c=t3.a
ORDER BY t2.b DESC, t1.b DESC
LIMIT 5;
x	b	b	a
4	4	4	4
3	3	3	3
2	2	2	2
1	1	1	1
0	0	0	0
#
# sort-nest(t2,t1) and dependent subquery in the ORDER BY clause
#
# Subquery is expensive to evaluate, so don't use a sort-nest
EXPLAIN SELECT t2.b, t1.b, t3.c
FROM t1,t2,t3
WHERE t1.a = t2.a and t2.c=t3.a
ORDER BY t2.b, t1.b,
(SELECT A.a FROM t3 A WHERE A.a = t1.c limit 1)
LIMIT 5;
id	select_type	table	type	possible_keys	key	key_len	ref	rows	Extra
1	PRIMARY	t2	ALL	NULL	NULL	NULL	NULL	5	Using where; Using temporary; Using filesort
1	PRIMARY	t1	ref	a	a	5	test.t2.a	1	
1	PRIMARY	t3	ref	a	a	5	test.t2.c	1	
2	DEPENDENT SUBQUERY	A	ref	a	a	5	test.t1.c	1	Using index
SELECT t2.b, t1.b, t3.c
FROM t1,t2,t3
WHERE t1.a = t2.a and t2.c=t3.a
ORDER BY t2.b, t1.b,
(SELECT A.a FROM t3 A WHERE A.a = t1.c limit 1)
LIMIT 5;
b	b	c
0	0	0
1	1	1
2	2	2
3	3	3
4	4	4
drop table t0,t1,t2,t3,t4;
CREATE TABLE t1 (a int, b int, c int, KEY a_b (a,b), KEY a_c (a,c));
insert into t1 values (0,1,0), (0,2,0), (0,3,0), (0,4,0), (0,5,0), (0,6,0);
insert into t1 values (1,7,1), (1,8,1), (1,9,1), (1,10,1), (1,11,1), (1,12,1);
insert into t1 values (1,7,2), (1,8,2), (1,9,2), (1,10,2), (1,11,2), (1,12,2);
insert into t1 values (1,7,2), (1,8,2), (1,9,2), (1,10,2), (1,11,2), (1,12,2);
#
# index a_b should be used, no need for filesort
#
select a,b,c from t1 where a=1 and c<=2 order by b limit 5;
a	b	c
1	7	1
1	7	2
1	7	2
1	8	1
1	8	2
explain select a,b,c from t1 where a=1 and c<=2 order by b limit 5;
id	select_type	table	type	possible_keys	key	key_len	ref	rows	Extra
1	SIMPLE	t1	range	a_b,a_c	a_b	5	NULL	18	Using index condition; Using where
drop table t1;
#
# Tests where Index(scan, ref or range access) satisfies the ORDERING
#
CREATE TABLE t1 (a int, b int, c int, KEY a_b (a,b), KEY a_c (a,c));
insert into t1 values (0,1,0), (0,2,0), (0,3,0), (0,4,0), (0,5,0), (0,6,0);
insert into t1 values (1,7,1), (1,8,1), (1,9,1), (1,10,1), (1,11,1), (1,12,1);
insert into t1 values (1,7,2), (1,8,2), (1,9,2), (1,10,2), (1,11,2), (1,12,2);
insert into t1 values (1,7,2), (1,8,2), (1,9,2), (1,10,2), (1,11,2), (1,12,2);
insert into t1 values (1,1,2);
#
# index key a_b, no need for filesort
# Also index condition pushdown is used here
#
select a,b from t1 where a=1 and c=2 order by b limit 10;
a	b
1	1
1	7
1	7
1	8
1	8
1	9
1	9
1	10
1	10
1	11
explain select a,b from t1 where a=1 and c=2 order by b limit 10;
id	select_type	table	type	possible_keys	key	key_len	ref	rows	Extra
1	SIMPLE	t1	ref	a_b,a_c	a_b	5	const	14	Using where
drop table t1;
CREATE TABLE t1(
a int NOT NULL,
b char NULL,
PRIMARY KEY(a)
);
INSERT INTO t1 VALUES (1,'a'), (2,'b'), (3,'c'), (4,'d');
#
# Should use index condition
#
SELECT * FROM t1 WHERE a BETWEEN 1 and 2 ORDER BY a LIMIT 2;
a	b
1	a
2	b
EXPLAIN SELECT * FROM t1 WHERE a BETWEEN 1 and 2 ORDER BY a LIMIT 2;
id	select_type	table	type	possible_keys	key	key_len	ref	rows	Extra
1	SIMPLE	t1	range	PRIMARY	PRIMARY	4	NULL	2	Using index condition
#
# Should not use index condition as ORDER by DESC is used
#
EXPLAIN SELECT * FROM t1 WHERE a BETWEEN 1 and 2 ORDER BY a DESC LIMIT 2;
id	select_type	table	type	possible_keys	key	key_len	ref	rows	Extra
1	SIMPLE	t1	range	PRIMARY	PRIMARY	4	NULL	2	Using where
SELECT * FROM t1 WHERE a BETWEEN 1 and 2 ORDER BY a DESC LIMIT 2;
a	b
2	b
1	a
drop table t1;
create table t1(a int, b int, c int, key(a), key a_b(a,b));
insert into t1 values (0,1,0), (0,2,0), (0,3,0);
insert into t1 values (1,6,1), (1,7,1), (1,5,1);
insert into t1 values (2,8,2), (2,9,3), (2,10,4);
insert into t1 values (3,1,5);
create table t2(a int, b int, c int, key(b), key(c));
insert into t2 select a, b, c from t1;
#
# Testing using of Indexes on first non-const table
#
#
#  Using range scan
#
SELECT * FROM t1,t2
WHERE
t1.a=2 AND t2.b > 8 AND
t1.b=t2.b
ORDER BY t1.b LIMIT 10;
a	b	c	a	b	c
2	9	3	2	9	3
2	10	4	2	10	4
EXPLAIN SELECT * FROM t1,t2
WHERE
t1.a=2 AND t2.b > 8 AND
t1.b=t2.b
ORDER BY t1.b LIMIT 10;
id	select_type	table	type	possible_keys	key	key_len	ref	rows	Extra
1	SIMPLE	t1	range	a,a_b	a_b	10	NULL	2	Using index condition
1	SIMPLE	t2	ref	b	b	5	test.t1.b	1	
#
#  Using ref access
#
SELECT * FROM t1,t2
WHERE
t1.a=2 AND t2.c >= 1 AND
t1.b=t2.b
ORDER BY t1.b LIMIT 10;
a	b	c	a	b	c
2	8	2	2	8	2
2	9	3	2	9	3
2	10	4	2	10	4
EXPLAIN SELECT * FROM t1,t2
WHERE
t1.a=2 AND t2.c >= 1 AND
t1.b=t2.b
ORDER BY t1.b LIMIT 10;
id	select_type	table	type	possible_keys	key	key_len	ref	rows	Extra
1	SIMPLE	t1	ref	a,a_b	a_b	5	const	3	Using index condition; Using where
1	SIMPLE	t2	ref	b,c	b	5	test.t1.b	1	Using where
#
# Using index condition should not be present
#
SELECT * FROM t1,t2
WHERE
t1.a=2 AND t2.c >= 1 AND
t1.b=t2.b
ORDER BY t1.b DESC LIMIT 10;
a	b	c	a	b	c
2	10	4	2	10	4
2	9	3	2	9	3
2	8	2	2	8	2
EXPLAIN SELECT * FROM t1,t2
WHERE
t1.a=2 AND t2.c >= 1 AND
t1.b=t2.b
ORDER BY t1.b DESC LIMIT 10;
id	select_type	table	type	possible_keys	key	key_len	ref	rows	Extra
1	SIMPLE	t1	ref	a,a_b	a_b	5	const	3	Using where
1	SIMPLE	t2	ref	b,c	b	5	test.t1.b	1	Using where
drop table t1,t2;
# TESTS with INDEX HINTS
create table t0 (a int);
insert into t0 values (0),(1),(2),(3),(4),(5),(6),(7),(8),(9);
create table t1 (a int, b int,c int, key idx1(a), key idx2(a,b), key idx3(c));
insert into t1 select a,a,a from t0 where a <5;
analyze table t1 persistent for all;
#
# Index idx1 to be used for index scan
#
SELECT * from t1 where b > 0 order by t1.a limit 2;
a	b	c
1	1	1
2	2	2
EXPLAIN SELECT * from t1 where b > 0 order by t1.a limit 2;
id	select_type	table	type	possible_keys	key	key_len	ref	rows	Extra
1	SIMPLE	t1	index	NULL	idx1	5	NULL	2	Using where
#
# Index idx2 to be used for index scan(USE INDEX is used)
#
SELECT * from t1 USE INDEX(idx2) WHERE b > 0 ORDER BY t1.a LIMIT 2;
a	b	c
1	1	1
2	2	2
EXPLAIN SELECT * from t1 USE INDEX(idx2) WHERE b > 0 ORDER BY t1.a LIMIT 2;
id	select_type	table	type	possible_keys	key	key_len	ref	rows	Extra
1	SIMPLE	t1	index	NULL	idx2	10	NULL	2	Using where
#
# Index idx2 to be used for index scan(USE INDEX for ORDER BY  is used)
#
SELECT * from t1 USE INDEX FOR ORDER BY(idx2)
WHERE b > 0
ORDER BY t1.a LIMIT 2;
a	b	c
1	1	1
2	2	2
EXPLAIN SELECT * from t1 USE INDEX FOR ORDER BY(idx2)
WHERE b > 0
ORDER BY t1.a LIMIT 2;
id	select_type	table	type	possible_keys	key	key_len	ref	rows	Extra
1	SIMPLE	t1	index	NULL	idx2	10	NULL	2	Using where
#
# Use Filesort as idx3 does not resolve ORDER BY clause
#
SELECT * from t1 USE INDEX FOR ORDER BY(idx3)
WHERE b > 0
ORDER BY t1.a LIMIT 2;
a	b	c
1	1	1
2	2	2
EXPLAIN SELECT * from t1 USE INDEX FOR ORDER BY(idx3)
WHERE b > 0
ORDER BY t1.a LIMIT 2;
id	select_type	table	type	possible_keys	key	key_len	ref	rows	Extra
1	SIMPLE	t1	ALL	NULL	NULL	NULL	NULL	5	Using where; Using filesort
#
# Using index idx2 as idx1 is ignored
#
SELECT * from t1 IGNORE INDEX(idx1)
WHERE b > 0
ORDER BY t1.a LIMIT 2;
a	b	c
1	1	1
2	2	2
EXPLAIN SELECT * from t1 IGNORE INDEX(idx1)
WHERE b > 0
ORDER BY t1.a LIMIT 2;
id	select_type	table	type	possible_keys	key	key_len	ref	rows	Extra
1	SIMPLE	t1	index	NULL	idx2	10	NULL	2	Using where
#
# Use index idx2 for sorting, it is forced here
#
SELECT * from t1 FORCE INDEX(idx2)
WHERE b > 0
ORDER BY t1.a LIMIT 2;
a	b	c
1	1	1
2	2	2
EXPLAIN SELECT * from t1 FORCE INDEX(idx2)
WHERE b > 0
ORDER BY t1.a LIMIT 2;
id	select_type	table	type	possible_keys	key	key_len	ref	rows	Extra
1	SIMPLE	t1	index	NULL	idx2	10	NULL	2	Using where
#
# Use FILESORT as idx3 cannot resolve ORDER BY clause
#
SELECT * from t1 FORCE INDEX FOR ORDER BY(idx3)
WHERE b > 0
ORDER BY t1.a LIMIT 2;
a	b	c
1	1	1
2	2	2
EXPLAIN SELECT * from t1 FORCE INDEX FOR ORDER BY(idx3)
WHERE b > 0
ORDER BY t1.a LIMIT 2;
id	select_type	table	type	possible_keys	key	key_len	ref	rows	Extra
1	SIMPLE	t1	ALL	NULL	NULL	NULL	NULL	5	Using where; Using filesort
drop table t0,t1;
#
# SORT-NEST WITH SEMI JOINS
#
#
# Firstmatch strategy
#
CREATE TABLE t0(a int);
CREATE TABLE t1 (a int, b int, c int, key(a));
CREATE TABLE t2 (a int, b int, c int, key(a));
CREATE TABLE t3 (a int, b int, c int, key(b), key(c));
CREATE TABLE t4 (a int, b int, c int, key(a));
INSERT INTO t0 SELECT seq-1 FROM seq_1_to_10;
INSERT INTO t1 SELECT seq-1, seq-1, seq-1 FROM seq_1_to_100;
INSERT INTO t2 SELECT a,a,a FROM t0;
INSERT INTO t3 SELECT a,a,a FROM t0 where a < 5;
INSERT INTO t3 SELECT a,a,a FROM t0 where a < 5;
INSERT INTO t4 SELECT a,a,a FROM t0 where a < 5;
INSERT INTO t4 SELECT a,a,a FROM t0 where a < 5;
ANALYZE TABLE t0 PERSISTENT FOR ALL;
ANALYZE TABLE t1 PERSISTENT FOR ALL;
ANALYZE TABLE t2 PERSISTENT FOR ALL;
ANALYZE TABLE t3 PERSISTENT FOR ALL;
ANALYZE TABLE t4 PERSISTENT FOR ALL;
EXPLAIN SELECT t1.a, t2.a, t1.b,t2.b
FROM t1, t2
WHERE t1.a=t2.a AND
t1.b IN (SELECT t4.a FROM t3,t4 WHERE t4.a <= 5 and t3.c = t2.b)
ORDER BY t2.b DESC, t1.b DESC
LIMIT 5;
id	select_type	table	type	possible_keys	key	key_len	ref	rows	Extra
1	PRIMARY	t2	ALL	a	NULL	NULL	NULL	10	Using where
1	PRIMARY	t1	ref	a	a	5	test.t2.a	1	Using where
1	PRIMARY	<sort-nest>	ALL	NULL	NULL	NULL	NULL	1	Using filesort
1	PRIMARY	t3	ref	c	c	5	sort-nest.b	2	Using index
1	PRIMARY	t4	ref	a	a	5	sort-nest.b	2	Using index; FirstMatch(<sort-nest>)
SELECT t1.a, t2.a, t1.b,t2.b
FROM t1, t2
WHERE t1.a=t2.a AND
t1.b IN (SELECT t4.a FROM t3,t4 WHERE t4.a <= 5 and t3.c = t2.b)
ORDER BY t2.b DESC, t1.b DESC
LIMIT 5;
a	a	b	b
4	4	4	4
3	3	3	3
2	2	2	2
1	1	1	1
0	0	0	0
#
# Duplicate weedout
#
set @save_optimizer_switch= @@optimizer_switch;
set optimizer_switch='firstmatch=off';
EXPLAIN SELECT t1.a, t2.a, t1.b,t2.b
FROM t1, t2
WHERE t1.a=t2.a AND
t1.b IN (SELECT t4.a FROM t3,t4 WHERE t4.a <= 5 and t3.c = t2.b)
ORDER BY t2.b DESC, t1.b DESC
LIMIT 5;
id	select_type	table	type	possible_keys	key	key_len	ref	rows	Extra
1	PRIMARY	t2	ALL	a	NULL	NULL	NULL	10	Using where
1	PRIMARY	t1	ref	a	a	5	test.t2.a	1	Using where
1	PRIMARY	<sort-nest>	ALL	NULL	NULL	NULL	NULL	1	Using filesort
1	PRIMARY	t3	ref	c	c	5	sort-nest.b	2	Using index; Start temporary
1	PRIMARY	t4	ref	a	a	5	sort-nest.b	2	Using index; End temporary
SELECT t1.a, t2.a, t1.b,t2.b
FROM t1, t2
WHERE t1.a=t2.a AND
t1.b IN (SELECT t4.a FROM t3,t4 WHERE t4.a <= 5 and t3.c = t2.b)
ORDER BY t2.b DESC, t1.b DESC
LIMIT 5;
a	a	b	b
4	4	4	4
3	3	3	3
2	2	2	2
1	1	1	1
0	0	0	0
set @@optimizer_switch= @save_optimizer_switch;
#
# Semi join materialization lookup
#
EXPLAIN SELECT t1.a, t2.a, t1.b,t2.b
FROM t1, t2
WHERE t1.a=t2.a AND
t1.b IN (SELECT t4.a FROM t3,t4 WHERE t4.a <= 5)
ORDER BY t2.b DESC, t1.b DESC
LIMIT 5;
id	select_type	table	type	possible_keys	key	key_len	ref	rows	Extra
1	PRIMARY	t2	ALL	a	NULL	NULL	NULL	10	Using where
1	PRIMARY	t1	ref	a	a	5	test.t2.a	1	
1	PRIMARY	<sort-nest>	ALL	NULL	NULL	NULL	NULL	1	Using filesort
1	PRIMARY	<subquery2>	eq_ref	distinct_key	distinct_key	4	func	1	
2	MATERIALIZED	t3	index	NULL	b	5	NULL	10	Using index
2	MATERIALIZED	t4	index	a	a	5	NULL	10	Using where; Using index; Using join buffer (flat, BNL join)
SELECT t1.a, t2.a, t1.b,t2.b
FROM t1, t2
WHERE t1.a=t2.a AND
t1.b IN (SELECT t4.a FROM t3,t4 WHERE t4.a <= 5)
ORDER BY t2.b DESC, t1.b DESC
LIMIT 5;
a	a	b	b
4	4	4	4
3	3	3	3
2	2	2	2
1	1	1	1
0	0	0	0
#
# Loosescan strategy
#
set @save_optimizer_switch= @@optimizer_switch;
set optimizer_switch='materialization=off,firstmatch=off';
ALTER TABLE t1 ADD KEY b(b);
EXPLAIN SELECT t1.a, t2.a, t1.b,t2.b
FROM t1, t2
WHERE t1.a=t2.a AND
t1.b IN (SELECT t4.a FROM t4)
ORDER BY t2.a DESC, t1.b DESC
LIMIT 5;
id	select_type	table	type	possible_keys	key	key_len	ref	rows	Extra
1	PRIMARY	t4	index	a	a	5	NULL	10	Using where; Using index; LooseScan
1	PRIMARY	t1	ref	a,b	b	5	test.t4.a	1	
1	PRIMARY	<sort-nest>	ALL	NULL	NULL	NULL	NULL	5	Using filesort
1	PRIMARY	t2	ref	a	a	5	sort-nest.a	1	
SELECT t1.a, t2.a, t1.b,t2.b
FROM t1, t2
WHERE t1.a=t2.a AND
t1.b IN (SELECT t4.a FROM t4)
ORDER BY t2.a DESC, t1.b DESC
LIMIT 5;
a	a	b	b
4	4	4	4
3	3	3	3
2	2	2	2
1	1	1	1
0	0	0	0
set @@optimizer_switch= @save_optimizer_switch;
drop table t0,t1,t2,t3,t4;

# NON-MERGED SEMI JOINS

create table t0 (a int);
INSERT INTO t0 SELECT seq-1 FROM seq_1_to_10;
create table t1 (a int, b int, key(b));
insert into t1 SELECT a,a from t0;
create table t2 (a int, b int);
INSERT INTO t2 SELECT * from t1 where a < 5;
create table t3(a int, b int, key(a));
INSERT INTO t3 SELECT seq-1, seq-1 FROM seq_1_to_1000;
ANALYZE TABLE t0 PERSISTENT FOR ALL;
ANALYZE TABLE t1 PERSISTENT FOR ALL;
ANALYZE TABLE t2 PERSISTENT FOR ALL;
ANALYZE TABLE t3 PERSISTENT FOR ALL;
<subquery2> outside the sort-nest
EXPLAIN SELECT * from t2,t1
WHERE t2.b=t1.b AND
t1.a IN (SELECT max(t3.a) FROM t3 GROUP BY t3.b)
ORDER BY t2.a DESC,t1.a DESC
LIMIT 5;
id	select_type	table	type	possible_keys	key	key_len	ref	rows	Extra
1	PRIMARY	t2	ALL	NULL	NULL	NULL	NULL	5	Using where
1	PRIMARY	t1	ref	b	b	5	test.t2.b	1	
1	PRIMARY	<sort-nest>	ALL	NULL	NULL	NULL	NULL	5	Using filesort
1	PRIMARY	<subquery2>	eq_ref	distinct_key	distinct_key	4	sort-nest.a	1	
2	MATERIALIZED	t3	ALL	NULL	NULL	NULL	NULL	1000	Using temporary
EXPLAIN FORMAT=JSON SELECT * from t2,t1
WHERE t2.b=t1.b AND
t1.a IN (SELECT max(t3.a) FROM t3 GROUP BY t3.b)
ORDER BY t2.a DESC,t1.a DESC
LIMIT 5;
EXPLAIN
{
  "query_block": {
    "select_id": 1,
    "table": {
      "table_name": "t2",
      "access_type": "ALL",
      "rows": 5,
      "filtered": 100,
      "attached_condition": "t2.b is not null"
    },
    "table": {
      "table_name": "t1",
      "access_type": "ref",
      "possible_keys": ["b"],
      "key": "b",
      "key_length": "5",
      "used_key_parts": ["b"],
      "ref": ["test.t2.b"],
      "rows": 1,
      "filtered": 100
    },
    "read_sorted_file": {
      "filesort": {
        "sort_key": "`sort-nest`.a desc, `sort-nest`.a desc",
        "table": {
          "table_name": "<sort-nest>",
          "access_type": "ALL",
          "rows": 5,
          "filtered": 100
        }
      }
    },
    "table": {
      "table_name": "<subquery2>",
      "access_type": "eq_ref",
      "possible_keys": ["distinct_key"],
      "key": "distinct_key",
      "key_length": "4",
      "used_key_parts": ["max(t3.a)"],
      "ref": ["sort-nest.a"],
      "rows": 1,
      "filtered": 100,
      "materialized": {
        "unique": 1,
        "query_block": {
          "select_id": 2,
          "temporary_table": {
            "table": {
              "table_name": "t3",
              "access_type": "ALL",
              "rows": 1000,
              "filtered": 100
            }
          }
        }
      }
    }
  }
}
SELECT * from t2,t1
WHERE t2.b=t1.b AND
t1.a IN (SELECT max(t3.a) FROM t3 GROUP BY t3.b)
ORDER BY t2.a DESC,t1.a DESC
LIMIT 5;
a	b	a	b
4	4	4	4
3	3	3	3
2	2	2	2
1	1	1	1
0	0	0	0
<subquery2> inside the sort-nest
EXPLAIN SELECT * FROM t3,t2
WHERE t3.a IN (SELECT max(t1.a) FROM t1 GROUP BY t1.b)
ORDER BY t3.a DESC,t2.a DESC
LIMIT 5;
id	select_type	table	type	possible_keys	key	key_len	ref	rows	Extra
1	PRIMARY	t2	ALL	NULL	NULL	NULL	NULL	5	
1	PRIMARY	<subquery2>	ALL	distinct_key	NULL	NULL	NULL	10	Using join buffer (flat, BNL join)
1	PRIMARY	<sort-nest>	ALL	NULL	NULL	NULL	NULL	5	Using filesort
1	PRIMARY	t3	ref	a	a	5	sort-nest.max(t1.a)	1	
2	MATERIALIZED	t1	ALL	NULL	NULL	NULL	NULL	10	Using temporary
EXPLAIN FORMAT=JSON SELECT * FROM t3,t2
WHERE t3.a IN (SELECT max(t1.a) FROM t1 GROUP BY t1.b)
ORDER BY t3.a DESC,t2.a DESC
LIMIT 5;
EXPLAIN
{
  "query_block": {
    "select_id": 1,
    "table": {
      "table_name": "t2",
      "access_type": "ALL",
      "rows": 5,
      "filtered": 100
    },
    "block-nl-join": {
      "table": {
        "table_name": "<subquery2>",
        "access_type": "ALL",
        "possible_keys": ["distinct_key"],
        "rows": 10,
        "filtered": 100
      },
      "buffer_type": "flat",
      "buffer_size": "119",
      "join_type": "BNL",
      "materialized": {
        "unique": 1,
        "query_block": {
          "select_id": 2,
          "temporary_table": {
            "table": {
              "table_name": "t1",
              "access_type": "ALL",
              "rows": 10,
              "filtered": 100
            }
          }
        }
      }
    },
    "read_sorted_file": {
      "filesort": {
        "sort_key": "`sort-nest`.`max(t1.a)` desc, `sort-nest`.a desc",
        "table": {
          "table_name": "<sort-nest>",
          "access_type": "ALL",
          "rows": 5,
          "filtered": 100
        }
      }
    },
    "table": {
      "table_name": "t3",
      "access_type": "ref",
      "possible_keys": ["a"],
      "key": "a",
      "key_length": "5",
      "used_key_parts": ["a"],
      "ref": ["sort-nest.max(t1.a)"],
      "rows": 1,
      "filtered": 100
    }
  }
}
SELECT * FROM t3,t2
WHERE t3.a IN (SELECT max(t1.a) FROM t1 GROUP BY t1.b)
ORDER BY t3.a DESC,t2.a DESC
LIMIT 5;
a	b	a	b
9	9	4	4
9	9	3	3
9	9	2	2
9	9	1	1
9	9	0	0
DROP TABLE t0,t1,t2,t3;
#
# Ensure all tables in Duplicate weedout range are either inside
# or outside the sort nest
#
CREATE TABLE t0(a int);
CREATE TABLE t1 (a int, b int, c int, key(b));
CREATE TABLE t2 (a int, b int, c int);
CREATE TABLE t3 (a int, b int, c int, key(a));
CREATE TABLE t4 (a int, b int, c int, key(a));
INSERT INTO t0 SELECT seq-1 FROM seq_1_to_10;
INSERT INTO t1 SELECT seq-1, seq-1, seq-1 FROM seq_1_to_100;
INSERT INTO t2 SELECT a,a,a FROM t0;
INSERT INTO t2 (a,b,c) values (9,9,9);
INSERT INTO t3 SELECT a,a,a FROM t0;
INSERT INTO t4 SELECT a,a,a FROM t0;
ANALYZE TABLE t0 PERSISTENT FOR ALL;
ANALYZE TABLE t1 PERSISTENT FOR ALL;
ANALYZE TABLE t2 PERSISTENT FOR ALL;
ANALYZE TABLE t3 PERSISTENT FOR ALL;
ANALYZE TABLE t4 PERSISTENT FOR ALL;
set optimizer_switch='cost_based_order_by_limit=on';
EXPLAIN SELECT t1.a, t2.a, t1.b,t2.b
FROM t1, t2
WHERE t1.a=t2.a AND
t1.b IN (SELECT t3.b FROM t3,t4
WHERE t3.c < 10 AND t4.a=t2.b)
ORDER BY t1.b DESC
LIMIT 5;
id	select_type	table	type	possible_keys	key	key_len	ref	rows	Extra
1	PRIMARY	t3	ALL	NULL	NULL	NULL	NULL	10	Using where; Start temporary; Using temporary; Using filesort
1	PRIMARY	t1	ref	b	b	5	test.t3.b	1	
1	PRIMARY	t2	ALL	NULL	NULL	NULL	NULL	11	Using where; Using join buffer (flat, BNL join)
1	PRIMARY	t4	ref	a	a	5	test.t2.b	1	Using index; End temporary
SELECT t1.a, t2.a, t1.b,t2.b
FROM t1, t2
WHERE t1.a=t2.a AND
t1.b IN (SELECT t3.b FROM t3,t4
WHERE t3.c < 10 AND t4.a=t2.b)
ORDER BY t1.b DESC
LIMIT 5;
a	a	b	b
9	9	9	9
9	9	9	9
8	8	8	8
7	7	7	7
6	6	6	6
set optimizer_switch='cost_based_order_by_limit=off';
EXPLAIN SELECT t1.a, t2.a, t1.b,t2.b
FROM t1, t2
WHERE t1.a=t2.a AND
t1.b IN (SELECT t3.b FROM t3,t4
WHERE t3.c < 10 AND t4.a=t2.b)
ORDER BY t1.b DESC
LIMIT 5;
id	select_type	table	type	possible_keys	key	key_len	ref	rows	Extra
1	PRIMARY	t3	ALL	NULL	NULL	NULL	NULL	10	Using where; Start temporary; Using temporary; Using filesort
1	PRIMARY	t1	ref	b	b	5	test.t3.b	1	
1	PRIMARY	t2	ALL	NULL	NULL	NULL	NULL	11	Using where; Using join buffer (flat, BNL join)
1	PRIMARY	t4	ref	a	a	5	test.t2.b	1	Using index; End temporary
SELECT t1.a, t2.a, t1.b,t2.b
FROM t1, t2
WHERE t1.a=t2.a AND
t1.b IN (SELECT t3.b FROM t3,t4
WHERE t3.c < 10 AND t4.a=t2.b)
ORDER BY t1.b DESC
LIMIT 5;
a	a	b	b
9	9	9	9
9	9	9	9
8	8	8	8
7	7	7	7
6	6	6	6
drop table t0,t1,t2,t3,t4;
